[
    {
        "Author": "Fragile, MistyDai",
        "Name": "MissFisher",
        "Punchline": "让你飞起来！",
        "Description": "专注于钓鱼。【不包含 24 小时全自动】",
        "InternalName": "MissFisher",
        "AssemblyVersion": "1.4.5.5",
        "ApplicableVersion": "any",
        "Tags": [
            "Auto",
            "Fishing"
        ],
        "IconUrl": "https://missfisher-1331276814.cos.ap-guangzhou.myqcloud.com/MissFisherIcon128.png",
        "IsHide": false,
        "IsTestingExclusive": false,
        "ChangeLog": "- v1.4.5.5\n修复一些问题\n- v1.4.5.4\n修复一些问题\n- v1.4.5.3\n修复一些问题\n- v1.4.5.2\n修复一些问题\n- v1.4.5.1\n修复一些问题，优化体验\n- v1.4.5.0\n追加了空岛相关模式的功能及入口\n优化了体验\n修复一些问题",
        "RepoUrl": "https://github.com/BlackCleaverLoli/MissFisher",
        "DownloadLinkInstall": "https://raw.githubusercontent.com/BlackCleaverLoli/MissFisher/main/latest.zip",
        "DownloadLinkUpdate": "https://raw.githubusercontent.com/BlackCleaverLoli/MissFisher/main/latest.zip"
    }
]