[
    {
        "Author": "Fragile, MistyDai",
        "Name": "MissFisher",
        "Punchline": "让你飞起来！",
        "Description": "专注于钓鱼。【不包含 24 小时全自动】",
        "InternalName": "MissFisher",
        "AssemblyVersion": "1.4.2.8",
        "ApplicableVersion": "any",
        "Tags": [
            "Auto",
            "Fishing"
        ],
        "IconUrl": "https://missfisher-1331276814.cos.ap-guangzhou.myqcloud.com/MissFisherIcon128.png",
        "IsHide": false,
        "IsTestingExclusive": false,
        "Changelog": "- v1.4.2.5\n将在设置页面显示推荐安装并启用的插件（如果均以安装将隐藏这部分）\n修复手动时打印的提钩结果与预期不符的问题\n修复一些问题并可能带来一些问题 :D\n尝试修复了另外一些问题\n- v1.4.2.4\n优化准备阶段时的技能使用间隔\n修正主界面的显示当前预设功能\n现在不允许作为本地开发版使用\n现在ICE开关时也应变更适应模式了\n修复了其他一些小问题\n新增套娃提示\n新增特殊提钩时的小提示（本应在上版本添加）\n- v1.4.2.3\n当自动功能运行时，主页将在提供停止按钮的同时保留查看预设\n修复海钓时专一后等待采集力行为异常的问题\n修复特定目标时即使已经拍水依然持续尝试预拍水的问题\n现在会更智能地选择使用的强心剂的种类\n现在会记忆最后选择的模式选项\n改善停止按钮的交互逻辑\n现在当使用双重提钩或三重提钩时，将打印简短的已使用提示\n- v1.4.2.2\n修复当在宇宙探索任务内从其他职业切换会捕鱼人时没有自动启动任务的问题\n修复当其他界面覆盖在图标悬浮窗上，点击其他界面也会打开主界面的问题\n修复有时无法识别其他插件的状态的问题\n- v1.4.2.1\n现在验证后信息页的插件图标会变得很 COOL！\n优化部分提示性文本\n- v1.4.2.0\n新增功能：定时启动预设\n在主界面新增停止按钮\n现在当自动功能运行时，图标悬浮窗会变得非常的COOL！",
        "RepoUrl": "https://github.com/BlackCleaverLoli/MissFisher",
        "DownloadLinkInstall": "https://raw.githubusercontent.com/BlackCleaverLoli/MissFisher/main/latest.zip",
        "DownloadLinkUpdate": "https://raw.githubusercontent.com/BlackCleaverLoli/MissFisher/main/latest.zip"
    }
]