[
    {
        "Author": "Fragile, MistyDai",
        "Name": "MissFisher",
        "Punchline": "让你飞起来！",
        "Description": "专注于钓鱼。【不包含 24 小时全自动】",
        "InternalName": "MissFisher",
        "AssemblyVersion": "1.2.3.3",
        "ApplicableVersion": "any",
        "Tags": [
            "Auto",
            "Fishing"
        ],
        "IconUrl": "https://missfisher-1331276814.cos.ap-guangzhou.myqcloud.com/MissFisherIcon128.png",
        "IsHide": false,
        "IsTestingExclusive": false,
        "Changelog": "- v1.3.0.0\n现在当满足条件时，自动行为不再保留拍击水面的采集力（有助于增加撒饵数量）\n修改了表达式语法，如单词“=》鱼识@”现在应写为“@鱼识=》”，详询作者\n补充了可用的命令及说明\n修复一系列问题",
        "RepoUrl": "https://github.com/BlackCleaverLoli/MissFisher",
        "DownloadLinkInstall": "https://raw.githubusercontent.com/BlackCleaverLoli/MissFisher/main/latest.zip",
        "DownloadLinkUpdate": "https://raw.githubusercontent.com/BlackCleaverLoli/MissFisher/main/latest.zip"
    }
]