[
    {
        "Author": "Fragile, MistyDai",
        "Name": "MissFisher",
        "Punchline": "让你飞起来！",
        "Description": "专注于钓鱼。",
        "InternalName": "MissFisher",
        "AssemblyVersion": "1.2.1.3",
        "ApplicableVersion": "any",
        "Tags": [
            "Auto",
            "Fishing"
        ],
        "IconUrl": "https://missfisher-1331276814.cos.ap-guangzhou.myqcloud.com/MissFisherIcon128.png",
        "IsHide": false,
        "IsTestingExclusive": false,
        "Changelog": "- 用完钓饵而导致自动收竿时，将自动提交探索任务。处在非宇宙探索区域时将播报提醒\n- 修复一些问题\n- 优化体验",
        "RepoUrl": "https://github.com/BlackCleaverLoli/MissFisher",
        "DownloadLinkInstall": "https://raw.githubusercontent.com/BlackCleaverLoli/MissFisher/main/latest.zip",
        "DownloadLinkUpdate": "https://raw.githubusercontent.com/BlackCleaverLoli/MissFisher/main/latest.zip"
    }
]