{
  "Author": "Fragile, MistyDai, Nyy",
  "Name": "MissFisher",
  "InternalName": "MissFisher",
  "AssemblyVersion": "1.9.13.0",
  "Description": "准备好启动：能帮你钓鱼王，还能自动出海垂钓、做空岛成就、完成一些宇宙探索任务。\nReady to go: Supports Big Fish, Ocean Fishing, Diadem farming, and automates certain Stellar Missions in Cosmic Exploration.",
  "ApplicableVersion": "any",
  "RepoUrl": "https://github.com/BlackCleaverLoli/MissFisher",
  "Tags": [
    "Auto",
    "Fishing",
    "FSH",
    "OceanFishing",
    "Cosmic",
    "Gather"
  ],
  "DalamudApiLevel": 14,
  "LoadRequiredState": 0,
  "LoadSync": false,
  "CanUnloadAsync": false,
  "LoadPriority": 0,
  "IconUrl": "https://raw.githubusercontent.com/BlackCleaverLoli/MissFisher/main/MissFisherIconHq128.jpg",
  "Punchline": "专注于钓鱼。【不包含 24 小时全自动】/ Focus on fishing. [Excludes 24h auto]",
  "AcceptsFeedback": true
}