{
  "Author": "Fragile, MistyDai, Nyy",
  "Name": "MissFisher",
  "InternalName": "MissFisher",
  "AssemblyVersion": "1.7.0.0",
  "Description": "专注于钓鱼。【不包含 24 小时全自动】\nFocus on fishing. [Excludes 24h auto]",
  "ApplicableVersion": "any",
  "RepoUrl": "https://github.com/BlackCleaverLoli/MissFisher",
  "Tags": [
    "Auto",
    "Fishing",
    "FSH",
    "OceanFishing",
    "Cosmic",
    "Gather"
  ],
  "DalamudApiLevel": 14,
  "LoadRequiredState": 0,
  "LoadSync": false,
  "CanUnloadAsync": false,
  "LoadPriority": 0,
  "IconUrl": "https://raw.githubusercontent.com/BlackCleaverLoli/MissFisher/main/MissFisherIcon128.png",
  "Punchline": "专注于钓鱼。/ Focus on fishing.",
  "AcceptsFeedback": true
}