[
    {
        "Author": "Fragile, MistyDai",
        "Name": "MissFisher",
        "Punchline": "专注于钓鱼。 / Focus on fishing.",
        "Description": "专注于钓鱼。【不包含 24 小时全自动】\nFocus on fishing. [Excludes 24h auto]",
        "InternalName": "MissFisher",
        "AssemblyVersion": "1.5.1.0",
        "ApplicableVersion": "any",
        "Tags": [
            "Auto",
            "Fishing"
        ],
        "IconUrl": "https://missfisher-1331276814.cos.ap-guangzhou.myqcloud.com/MissFisherIcon128.png",
        "IsHide": false,
        "IsTestingExclusive": false,
        "ChangeLog": "- v1.5.1.0\n添加调用DR Discard的功能和配置项\n修复一些问题\n- v1.5.0.0\n现在可变更界面和打印文本的语言\n修复一些问题",
        "RepoUrl": "https://github.com/BlackCleaverLoli/MissFisher",
        "DownloadLinkInstall": "https://raw.githubusercontent.com/BlackCleaverLoli/MissFisher/main/latest.zip",
        "DownloadLinkUpdate": "https://raw.githubusercontent.com/BlackCleaverLoli/MissFisher/main/latest.zip"
    }
]