[
    {
        "Author": "Fragile, MistyDai",
        "Name": "MissFisher",
        "Punchline": "专注于钓鱼。/ Focus on fishing.",
        "Description": "专注于钓鱼。【不包含 24 小时全自动】\nFocus on fishing. [Excludes 24h auto]",
        "InternalName": "MissFisher",
        "AssemblyVersion": "1.6.0.1",
        "ApplicableVersion": "any",
        "Tags": [
            "Auto",
            "Fishing",
            "FSH",
            "OceanFishing"
        ],
        "IconUrl": "https://missfisher-1331276814.cos.ap-guangzhou.myqcloud.com/MissFisherIcon128.png",
        "IsHide": false,
        "IsTestingExclusive": false,
        "ChangeLog": "- v1.6.0.0\n支持多语言调用预设\n追加了成就模式的计数器工具功能\n现在当钓法有计数参数时将总是显示计数器\n优化预设搜索\n优化了多处代码的性能表现\n修复一些问题",
        "RepoUrl": "https://github.com/BlackCleaverLoli/MissFisher",
        "DownloadLinkInstall": "https://raw.githubusercontent.com/BlackCleaverLoli/MissFisher/main/latest.zip",
        "DownloadLinkUpdate": "https://raw.githubusercontent.com/BlackCleaverLoli/MissFisher/main/latest.zip"
    }
]