{
  "Author": "Fragile, MistyDai",
  "Name": "MissFisher",
  "InternalName": "MissFisher",
  "AssemblyVersion": "1.0.0.0",
  "Description": "专注于钓鱼。",
  "ApplicableVersion": "any",
  "Tags": [
    "Auto",
    "Fishing"
  ],
  "DalamudApiLevel": 13,
  "LoadRequiredState": 0,
  "LoadSync": false,
  "CanUnloadAsync": false,
  "LoadPriority": 0,
  "IconUrl": "https://missfisher-1331276814.cos.ap-guangzhou.myqcloud.com/MissFisherIcon128.png",
  "Punchline": "让你飞起来！",
  "AcceptsFeedback": true
}